,player_name,salary,age,games_played,minutes_played,field_goal_percent,three_point_percent,two_point_percent,effective_field_goal,free_throw_percent,total_rebounds,assist,steal,blocking,points
0.00,Stephen Curry,34682550.00,29.00,51.00,1631.00,0.50,0.42,0.60,0.62,0.92,261.00,310.00,80.00,8.00,1346.00
1.00,LeBron James,33285709.00,33.00,82.00,3026.00,0.54,0.37,0.60,0.59,0.73,709.00,747.00,116.00,71.00,2251.00
2.00,Paul Millsap,31269231.00,32.00,38.00,1143.00,0.46,0.35,0.51,0.51,0.70,245.00,105.00,39.00,44.00,555.00
3.00,Blake Griffin,29512900.00,28.00,38.67,1313.33,0.44,0.35,0.48,0.49,0.78,285.33,222.67,27.33,12.00,828.00
4.00,Kyle Lowry,28703704.00,31.00,78.00,2510.00,0.43,0.40,0.47,0.55,0.85,434.00,537.00,85.00,19.00,1267.00
5.00,Russell Westbrook,28530608.00,29.00,80.00,2914.00,0.45,0.30,0.49,0.48,0.74,804.00,820.00,147.00,20.00,2028.00
6.00,Mike Conley,28530608.00,30.00,12.00,373.00,0.38,0.31,0.44,0.45,0.80,27.00,49.00,12.00,3.00,205.00
7.00,James Harden,28299399.00,28.00,72.00,2551.00,0.45,0.37,0.53,0.54,0.86,389.00,630.00,126.00,50.00,2191.00
8.00,DeMar DeRozan,27739975.00,28.00,80.00,2711.00,0.46,0.31,0.49,0.49,0.83,315.00,417.00,85.00,22.00,1840.00
9.00,Al Horford,27734405.00,31.00,72.00,2277.00,0.49,0.43,0.51,0.55,0.78,530.00,339.00,43.00,78.00,927.00
10.00,Carmelo Anthony,26243760.00,33.00,78.00,2501.00,0.40,0.36,0.44,0.48,0.77,453.00,103.00,47.00,49.00,1261.00
11.00,Damian Lillard,26153057.00,27.00,73.00,2670.00,0.44,0.36,0.50,0.52,0.92,325.00,481.00,77.00,27.00,1962.00
12.00,Jrue Holiday,25686667.00,27.00,81.00,2927.00,0.49,0.34,0.56,0.54,0.79,365.00,486.00,123.00,64.00,1537.00
13.00,Kevin Durant,25000000.00,29.00,68.00,2325.00,0.52,0.42,0.57,0.59,0.89,464.00,366.00,50.00,119.00,1792.00
14.00,Otto Porter,24773250.00,24.00,77.00,2432.00,0.50,0.44,0.54,0.58,0.83,492.00,157.00,116.00,41.00,1134.00
15.00,Chris Paul,24599495.00,32.00,58.00,1847.00,0.46,0.38,0.53,0.55,0.92,313.00,457.00,96.00,14.00,1081.00
16.00,Bradley Beal,23775506.00,24.00,82.00,2977.00,0.46,0.38,0.51,0.53,0.79,363.00,373.00,96.00,36.00,1857.00
17.00,Anthony Davis,23775506.00,24.00,75.00,2727.00,0.53,0.34,0.56,0.55,0.83,832.00,174.00,115.00,193.00,2110.00
18.00,Andre Drummond,23775506.00,24.00,78.00,2625.00,0.53,0.00,0.54,0.53,0.61,1247.00,237.00,114.00,127.00,1171.00
19.00,Hassan Whiteside,23775506.00,28.00,54.00,1364.00,0.54,1.00,0.54,0.54,0.70,618.00,54.00,37.00,94.00,754.00
20.00,Dwight Howard,23500000.00,32.00,81.00,2463.00,0.56,0.14,0.56,0.56,0.57,1012.00,105.00,48.00,131.00,1347.00
21.00,Chandler Parsons,23112004.00,29.00,36.00,691.00,0.46,0.42,0.50,0.57,0.63,90.00,69.00,18.00,11.00,284.00
22.00,Harrison Barnes,23112004.00,25.00,77.00,2634.00,0.45,0.36,0.48,0.49,0.83,468.00,152.00,49.00,14.00,1452.00
23.00,J.J. Redick,23000000.00,33.00,70.00,2116.00,0.46,0.42,0.50,0.57,0.90,178.00,210.00,35.00,6.00,1198.00
24.00,Marc Gasol,22642350.00,33.00,73.00,2408.00,0.42,0.34,0.46,0.47,0.83,592.00,305.00,54.00,101.00,1258.00
25.00,Kevin Love,22642350.00,29.00,59.00,1651.00,0.46,0.42,0.49,0.55,0.88,546.00,103.00,43.00,24.00,1039.00
26.00,Brook Lopez,22642350.00,29.00,74.00,1735.00,0.47,0.35,0.55,0.54,0.70,294.00,126.00,30.00,98.00,961.00
27.00,Steven Adams,22471910.00,24.00,76.00,2487.00,0.63,0.00,0.63,0.63,0.56,685.00,88.00,92.00,78.00,1056.00
28.00,Giannis Antetokounmpo,22471910.00,23.00,75.00,2756.00,0.53,0.31,0.55,0.55,0.76,753.00,361.00,109.00,106.00,2014.00
29.00,Nicolas Batum,22434783.00,29.00,64.00,1981.00,0.42,0.34,0.47,0.49,0.83,306.00,349.00,65.00,23.00,740.00
30.00,LaMarcus Aldridge,21461010.00,32.00,75.00,2509.00,0.51,0.29,0.53,0.52,0.84,635.00,152.00,43.00,90.00,1735.00
31.00,Victor Oladipo,21000000.00,25.00,75.00,2552.00,0.48,0.37,0.53,0.54,0.80,390.00,323.00,177.00,57.00,1735.00
32.00,Enes Kanter,20566802.00,25.00,71.00,1830.00,0.59,0.00,0.59,0.59,0.85,780.00,105.00,36.00,37.00,1000.00
33.00,Danilo Gallinari,20559599.00,29.00,21.00,671.00,0.40,0.32,0.46,0.47,0.93,101.00,41.00,12.00,10.00,321.00
34.00,Serge Ibaka,20061729.00,28.00,76.00,2093.00,0.48,0.36,0.56,0.55,0.80,478.00,62.00,29.00,99.00,959.00
35.00,George Hill,20000000.00,31.00,44.67,1208.00,0.46,0.41,0.49,0.54,0.79,120.67,124.00,40.67,18.00,444.67
36.00,Ryan Anderson,19578455.00,29.00,66.00,1725.00,0.43,0.39,0.54,0.57,0.77,331.00,60.00,24.00,21.00,617.00
37.00,Paul George,19508958.00,27.00,79.00,2891.00,0.43,0.40,0.45,0.52,0.82,447.00,263.00,161.00,39.00,1734.00
38.00,Allen Crabbe,19332500.00,25.00,75.00,2197.00,0.41,0.38,0.46,0.53,0.85,324.00,117.00,47.00,35.00,990.00
39.00,Jimmy Butler,19301070.00,28.00,59.00,2164.00,0.47,0.35,0.51,0.51,0.85,314.00,288.00,116.00,24.00,1307.00
40.00,Jeff Teague,19000000.00,29.00,70.00,2311.00,0.45,0.37,0.48,0.50,0.85,209.00,492.00,102.00,23.00,994.00
41.00,Kawhi Leonard,18868625.00,26.00,9.00,210.00,0.47,0.31,0.54,0.52,0.82,42.00,21.00,18.00,9.00,146.00
42.00,Kyrie Irving,18868625.00,25.00,60.00,1931.00,0.49,0.41,0.54,0.57,0.89,227.00,306.00,65.00,17.00,1466.00
43.00,John Wall,18063850.00,27.00,41.00,1410.00,0.42,0.37,0.44,0.47,0.73,150.00,393.00,57.00,45.00,797.00
44.00,DeMarcus Cousins,18063850.00,27.00,48.00,1737.00,0.47,0.35,0.53,0.53,0.75,617.00,257.00,79.00,76.00,1210.00
45.00,Wesley Matthews,17884176.00,31.00,63.00,2131.00,0.41,0.38,0.44,0.52,0.82,198.00,172.00,76.00,16.00,802.00
46.00,Klay Thompson,17826150.00,27.00,73.00,2506.00,0.49,0.44,0.53,0.59,0.84,277.00,185.00,55.00,34.00,1461.00
47.00,Kentavious Caldwell-Pope,17745894.00,24.00,74.00,2458.00,0.43,0.38,0.47,0.53,0.79,387.00,162.00,106.00,16.00,992.00
48.00,Evan Turner,17131148.00,29.00,79.00,2034.00,0.45,0.32,0.49,0.48,0.85,244.00,173.00,47.00,29.00,649.00
49.00,Goran Dragic,17000450.00,31.00,75.00,2378.00,0.45,0.37,0.48,0.50,0.80,307.00,359.00,63.00,12.00,1296.00
50.00,Evan Fournier,17000000.00,25.00,57.00,1837.00,0.46,0.38,0.52,0.54,0.87,180.00,165.00,47.00,16.00,1013.00
51.00,Bismack Biyombo,17000000.00,25.00,82.00,1495.00,0.52,0.00,0.52,0.52,0.65,468.00,66.00,21.00,95.00,468.00
52.00,Kent Bazemore,16910113.00,28.00,65.00,1789.00,0.42,0.39,0.44,0.50,0.80,248.00,228.00,100.00,45.00,836.00
53.00,Robert Covington,16698103.00,27.00,80.00,2532.00,0.41,0.37,0.50,0.53,0.85,433.00,156.00,137.00,72.00,1009.00
54.00,Ian Mahinmi,16661641.00,31.00,77.00,1145.00,0.56,0.00,0.56,0.56,0.70,312.00,53.00,38.00,42.00,366.00
55.00,Tim Hardaway,16500000.00,25.00,57.00,1885.00,0.42,0.32,0.52,0.50,0.82,224.00,155.00,62.00,10.00,996.00
56.00,Draymond Green,16400000.00,27.00,70.00,2287.00,0.45,0.30,0.56,0.52,0.78,535.00,508.00,95.00,91.00,773.00
57.00,Reggie Jackson,16000000.00,27.00,45.00,1201.00,0.43,0.31,0.48,0.47,0.84,125.00,238.00,27.00,4.00,656.00
58.00,Pau Gasol,16000000.00,37.00,77.00,1812.00,0.46,0.36,0.48,0.49,0.76,619.00,238.00,24.00,79.00,775.00
59.00,Tobias Harris,16000000.00,25.00,53.33,1778.67,0.46,0.41,0.49,0.54,0.83,291.33,128.00,47.33,23.33,990.67
60.00,Dwyane Wade,15550000.00,36.00,44.67,1024.00,0.43,0.28,0.46,0.46,0.72,168.00,152.00,40.67,31.33,510.00
61.00,Dwyane Wade,2328652.00,36.00,44.67,1024.00,0.43,0.28,0.46,0.46,0.72,168.00,152.00,40.67,31.33,510.00
62.00,Dennis Schroder,15500000.00,24.00,67.00,2078.00,0.44,0.29,0.48,0.47,0.85,208.00,417.00,72.00,6.00,1301.00
63.00,Jonas Valanciunas,15460675.00,25.00,77.00,1727.00,0.57,0.41,0.59,0.59,0.81,660.00,81.00,29.00,69.00,980.00
64.00,Tony Parker,15453126.00,35.00,55.00,1071.00,0.46,0.27,0.48,0.47,0.71,95.00,195.00,28.00,1.00,421.00
65.00,Timofey Mozgov,15280000.00,31.00,31.00,359.00,0.56,0.22,0.64,0.58,0.77,98.00,11.00,5.00,13.00,131.00
66.00,Andre Iguodala,14814815.00,34.00,64.00,1622.00,0.46,0.28,0.57,0.51,0.63,246.00,210.00,54.00,38.00,384.00
67.00,DeMarre Carroll,14800000.00,31.00,73.00,2180.00,0.41,0.37,0.46,0.51,0.76,479.00,147.00,59.00,30.00,983.00
68.00,Thaddeus Young,14796348.00,29.00,81.00,2607.00,0.49,0.32,0.53,0.52,0.60,512.00,152.00,135.00,36.00,955.00
69.00,Eric Bledsoe,14500000.00,28.00,49.33,1548.00,0.45,0.33,0.51,0.51,0.79,189.33,246.67,99.33,28.00,875.33
70.00,Ricky Rubio,14275000.00,27.00,77.00,2254.00,0.42,0.35,0.45,0.48,0.87,351.00,410.00,121.00,11.00,1008.00
71.00,Joe Ingles,14136364.00,30.00,82.00,2578.00,0.47,0.44,0.52,0.61,0.80,344.00,392.00,90.00,20.00,940.00
72.00,Gorgui Dieng,14112360.00,28.00,79.00,1333.00,0.48,0.31,0.51,0.50,0.78,360.00,71.00,45.00,39.00,470.00
73.00,Khris Middleton,14100000.00,26.00,82.00,2982.00,0.47,0.36,0.52,0.52,0.88,429.00,328.00,119.00,21.00,1652.00
74.00,Mason Plumlee,14041096.00,27.00,74.00,1439.00,0.60,0.00,0.60,0.60,0.46,400.00,142.00,49.00,81.00,524.00
75.00,Taj Gibson,14000000.00,32.00,82.00,2726.00,0.58,0.20,0.60,0.58,0.77,584.00,99.00,62.00,59.00,999.00
76.00,James Johnson,13954000.00,30.00,73.00,1943.00,0.50,0.31,0.59,0.55,0.70,358.00,280.00,70.00,51.00,788.00
77.00,Robin Lopez,13788500.00,29.00,64.00,1690.00,0.53,0.29,0.54,0.53,0.76,290.00,124.00,14.00,53.00,756.00
78.00,J.R. Smith,13760000.00,32.00,80.00,2244.00,0.40,0.38,0.45,0.52,0.70,235.00,141.00,68.00,11.00,662.00
79.00,Marvin Williams,13168750.00,31.00,78.00,2006.00,0.46,0.41,0.51,0.57,0.83,370.00,96.00,56.00,38.00,744.00
80.00,Michael Kidd-Gilchrist,13000000.00,24.00,74.00,1850.00,0.50,0.00,0.51,0.50,0.68,302.00,71.00,51.00,32.00,681.00
81.00,Eric Gordon,12943020.00,29.00,69.00,2154.00,0.43,0.36,0.54,0.54,0.81,170.00,154.00,44.00,27.00,1243.00
82.00,Kenneth Faried,12921348.00,28.00,32.00,461.00,0.51,0.00,0.52,0.51,0.71,153.00,18.00,12.00,13.00,188.00
83.00,Cody Zeller,12584270.00,25.00,33.00,627.00,0.55,0.67,0.54,0.55,0.72,177.00,31.00,14.00,21.00,233.00
84.00,Nikola Mirotic,12500000.00,26.00,36.67,996.00,0.45,0.38,0.52,0.55,0.82,270.00,53.33,29.33,26.00,572.67
85.00,Zach Randolph,12307692.00,36.00,59.00,1508.00,0.47,0.35,0.50,0.51,0.79,397.00,127.00,42.00,10.00,857.00
86.00,Nikola Vucevic,12250000.00,27.00,57.00,1683.00,0.48,0.31,0.53,0.51,0.82,523.00,191.00,56.00,62.00,939.00
87.00,Solomon Hill,12236535.00,26.00,12.00,187.00,0.27,0.19,0.35,0.32,0.50,36.00,22.00,7.00,1.00,29.00
88.00,Wilson Chandler,12016854.00,30.00,74.00,2346.00,0.45,0.36,0.50,0.52,0.77,398.00,159.00,43.00,39.00,738.00
89.00,Jeremy Lin,12000000.00,29.00,1.00,25.00,0.42,0.50,0.40,0.46,1.00,0.00,4.00,0.00,0.00,18.00
90.00,Kemba Walker,12000000.00,27.00,80.00,2736.00,0.43,0.38,0.47,0.52,0.86,248.00,444.00,91.00,24.00,1770.00
91.00,Derrick Favors,12000000.00,26.00,77.00,2153.00,0.56,0.22,0.60,0.57,0.65,552.00,102.00,54.00,82.00,944.00
92.00,Austin Rivers,11825000.00,25.00,61.00,2057.00,0.42,0.38,0.46,0.51,0.64,145.00,242.00,74.00,16.00,920.00
93.00,Courtney Lee,11747890.00,32.00,76.00,2310.00,0.45,0.41,0.48,0.53,0.92,224.00,180.00,80.00,17.00,913.00
94.00,Jordan Clarkson,11562500.00,25.00,54.00,1258.67,0.45,0.36,0.50,0.51,0.80,144.67,147.33,38.67,4.00,749.33
95.00,John Henson,11422536.00,27.00,76.00,1970.00,0.57,0.14,0.58,0.57,0.57,513.00,114.00,45.00,109.00,665.00
96.00,Dion Waiters,11000000.00,26.00,30.00,918.00,0.40,0.31,0.46,0.46,0.74,77.00,113.00,23.00,9.00,429.00
97.00,Amir Johnson,11000000.00,30.00,74.00,1171.00,0.54,0.31,0.57,0.56,0.61,330.00,118.00,45.00,44.00,342.00
98.00,Jamal Crawford,10942762.00,37.00,80.00,1653.00,0.42,0.33,0.48,0.49,0.90,99.00,185.00,40.00,9.00,822.00
99.00,Jamal Crawford,4328000.00,37.00,80.00,1653.00,0.42,0.33,0.48,0.49,0.90,99.00,185.00,40.00,9.00,822.00
100.00,Alec Burks,10845506.00,26.00,64.00,1059.00,0.41,0.33,0.45,0.47,0.86,192.00,67.00,37.00,8.00,494.00
101.00,Patty Mills,10714286.00,29.00,82.00,2107.00,0.41,0.37,0.47,0.52,0.89,154.00,229.00,55.00,11.00,819.00
102.00,Kelly Olynyk,10607169.00,26.00,76.00,1779.00,0.50,0.38,0.59,0.58,0.77,431.00,207.00,62.00,35.00,872.00
103.00,Terrence Ross,10500000.00,26.00,24.00,600.00,0.40,0.32,0.47,0.48,0.75,73.00,38.00,27.00,11.00,209.00
104.00,Bojan Bogdanovic,10500000.00,28.00,80.00,2464.00,0.47,0.40,0.53,0.57,0.87,270.00,119.00,55.00,8.00,1141.00
105.00,Jon Leuer,10497319.00,28.00,8.00,136.00,0.42,0.00,0.46,0.42,0.87,32.00,5.00,1.00,3.00,43.00
106.00,Iman Shumpert,10337079.00,27.00,14.00,276.00,0.38,0.27,0.47,0.44,0.73,41.00,17.00,9.00,4.00,62.00
107.00,Maurice Harkless,10162922.00,24.00,59.00,1264.00,0.50,0.42,0.55,0.58,0.71,162.00,53.00,48.00,43.00,385.00
108.00,Jared Dudley,10000000.00,32.00,48.00,686.00,0.39,0.36,0.45,0.51,0.77,94.00,78.00,24.00,11.00,152.00
109.00,Darren Collison,10000000.00,30.00,69.00,2018.00,0.50,0.47,0.51,0.57,0.88,178.00,368.00,92.00,15.00,855.00
110.00,Danny Green,10000000.00,30.00,70.00,1791.00,0.39,0.36,0.42,0.49,0.77,249.00,110.00,63.00,80.00,600.00
111.00,Meyers Leonard,9904495.00,25.00,33.00,254.00,0.59,0.42,0.67,0.66,0.82,70.00,17.00,7.00,0.00,112.00
112.00,Tony Snell,9821429.00,26.00,75.00,2053.00,0.44,0.40,0.49,0.56,0.79,141.00,98.00,47.00,28.00,516.00
113.00,Al Jefferson,9769821.00,33.00,36.00,484.00,0.53,0.00,0.54,0.53,0.83,143.00,30.00,16.00,23.00,252.00
114.00,Matthew Dellavedova,9607500.00,27.00,38.00,712.00,0.36,0.37,0.35,0.46,0.93,64.00,145.00,14.00,0.00,164.00
115.00,Joe Johnson,9505000.00,36.00,36.67,803.33,0.40,0.28,0.49,0.46,0.89,114.67,55.33,12.00,4.67,248.00
116.00,Joe Johnson,749905.00,36.00,36.67,803.33,0.40,0.28,0.49,0.46,0.89,114.67,55.33,12.00,4.67,248.00
117.00,Bogdan Bogdanovic,9470614.00,25.00,78.00,2175.00,0.45,0.39,0.49,0.53,0.84,223.00,258.00,72.00,16.00,917.00
118.00,Andre Roberson,9259259.00,26.00,39.00,1037.00,0.54,0.22,0.63,0.56,0.32,185.00,46.00,45.00,35.00,194.00
119.00,Trevor Booker,9125000.00,30.00,34.00,579.00,0.51,0.25,0.54,0.53,0.75,159.00,41.00,14.00,10.50,214.00
120.00,Dwight Powell,9003125.00,26.00,79.00,1672.00,0.59,0.33,0.66,0.63,0.72,444.00,91.00,67.00,32.00,671.00
121.00,Jerryd Bayless,9000000.00,29.00,39.00,925.00,0.42,0.37,0.47,0.52,0.80,80.00,54.00,23.00,6.00,307.00
122.00,Avery Bradley,8808989.00,27.00,30.67,955.33,0.43,0.29,0.47,0.48,0.84,77.33,62.67,34.00,5.33,437.33
123.00,JaMychal Green,8533333.00,27.00,55.00,1542.00,0.46,0.34,0.50,0.50,0.72,464.00,79.00,32.00,25.00,569.00
124.00,E'Twaun Moore,8445024.00,28.00,82.00,2586.00,0.51,0.43,0.56,0.59,0.71,238.00,187.00,79.00,12.00,1022.00
125.00,Rudy Gay,8406000.00,31.00,57.00,1231.00,0.47,0.31,0.52,0.51,0.77,291.00,73.00,46.00,38.00,655.00
126.00,Markieff Morris,8000000.00,28.00,73.00,1968.00,0.48,0.37,0.53,0.54,0.82,409.00,142.00,56.00,38.00,841.00
127.00,Garrett Temple,8000000.00,31.00,65.00,1615.00,0.42,0.39,0.44,0.51,0.77,152.00,124.00,57.00,27.00,547.00
128.00,Vince Carter,8000000.00,41.00,58.00,1026.00,0.40,0.35,0.48,0.50,0.76,148.00,69.00,42.00,26.00,313.00
129.00,C.J. Miles,7936509.00,30.00,70.00,1337.00,0.38,0.36,0.43,0.52,0.84,152.00,55.00,37.00,21.00,699.00
130.00,Cristiano Felicio,7843500.00,25.00,55.00,977.00,0.59,0.00,0.60,0.59,0.67,233.00,55.00,16.00,11.00,308.00
131.00,Shaun Livingston,7692308.00,32.00,71.00,1129.00,0.50,0.00,0.51,0.50,0.82,131.00,140.00,35.00,21.00,394.00
132.00,Cory Joseph,7630000.00,26.00,82.00,2210.00,0.42,0.35,0.46,0.48,0.75,263.00,260.00,80.00,18.00,649.00
133.00,P.J. Tucker,7590035.00,32.00,82.00,2281.00,0.39,0.37,0.44,0.52,0.72,457.00,77.00,78.00,26.00,502.00
134.00,Corey Brewer,7579366.00,31.00,48.00,805.33,0.45,0.27,0.54,0.50,0.73,102.67,43.33,52.67,9.33,253.33
135.00,Andrew Wiggins,7574322.00,22.00,82.00,2979.00,0.44,0.33,0.48,0.48,0.64,358.00,160.00,91.00,51.00,1452.00
136.00,Darrell Arthur,7464912.00,29.00,19.00,141.00,0.47,0.35,0.58,0.55,0.67,15.00,9.00,8.00,3.00,54.00
137.00,Channing Frye,7420912.00,34.00,35.33,463.33,0.48,0.34,0.66,0.58,0.86,90.00,25.33,12.00,8.67,176.00
138.00,Trevor Ariza,7420912.00,32.00,67.00,2269.00,0.41,0.37,0.52,0.54,0.85,294.00,105.00,98.00,13.00,782.00
139.00,Al-Farouq Aminu,7319035.00,27.00,69.00,2072.00,0.40,0.37,0.43,0.50,0.74,525.00,84.00,79.00,40.00,644.00
140.00,D.J. Augustin,7250000.00,30.00,75.00,1760.00,0.45,0.42,0.49,0.56,0.87,160.00,287.00,54.00,0.00,766.00
141.00,Markelle Fultz,7026240.00,19.00,14.00,253.00,0.41,0.00,0.41,0.41,0.48,43.00,53.00,12.00,4.00,100.00
142.00,Lou Williams,7000000.00,31.00,79.00,2589.00,0.44,0.36,0.48,0.51,0.88,198.00,417.00,85.00,19.00,1782.00
143.00,Kyle Korver,7000000.00,36.00,73.00,1574.00,0.46,0.44,0.54,0.63,0.89,165.00,88.00,31.00,27.00,672.00
144.00,Jeremy Lamb,7000000.00,25.00,80.00,1967.00,0.46,0.37,0.50,0.51,0.86,324.00,186.00,61.00,32.00,1033.00
145.00,Jae Crowder,6796117.00,27.00,53.33,1393.33,0.40,0.32,0.49,0.48,0.81,183.33,66.00,42.67,14.00,515.33
146.00,Jabari Parker,6782392.00,22.00,31.00,743.00,0.48,0.38,0.51,0.53,0.74,151.00,59.00,25.00,10.00,391.00
147.00,Langston Galloway,6666667.00,26.00,58.00,863.00,0.37,0.34,0.42,0.48,0.81,92.00,58.00,35.00,5.00,360.00
148.00,Lance Thomas,6655325.00,29.00,73.00,1353.00,0.38,0.40,0.36,0.48,0.83,175.00,44.00,30.00,14.00,298.00
149.00,Ed Davis,6352531.00,28.00,78.00,1471.00,0.58,0.00,0.58,0.58,0.67,575.00,40.00,32.00,52.00,414.00
150.00,Marco Belinelli,6306060.00,31.00,53.33,1298.00,0.45,0.38,0.53,0.55,0.90,100.67,98.67,44.00,8.00,647.33
151.00,Marco Belinelli,776217.00,31.00,53.33,1298.00,0.45,0.38,0.53,0.55,0.90,100.67,98.67,44.00,8.00,647.33
152.00,Jonathon Simmons,6300000.00,28.00,69.00,2029.00,0.47,0.34,0.51,0.51,0.77,239.00,171.00,58.00,16.00,962.00
153.00,Lonzo Ball,6286560.00,20.00,52.00,1780.00,0.36,0.31,0.42,0.44,0.45,360.00,376.00,88.00,43.00,528.00
154.00,Wayne Ellington,6270000.00,30.00,77.00,2041.00,0.41,0.39,0.48,0.57,0.86,218.00,79.00,53.00,8.00,864.00
155.00,Isaiah Thomas,6261395.00,28.00,21.33,574.67,0.37,0.29,0.44,0.44,0.89,44.67,102.00,10.00,2.00,324.00
156.00,Karl-Anthony Towns,6216840.00,22.00,82.00,2918.00,0.55,0.42,0.59,0.60,0.86,1012.00,199.00,64.00,115.00,1743.00
157.00,Ben Simmons,6168840.00,21.00,81.00,2732.00,0.55,0.00,0.55,0.55,0.56,659.00,661.00,140.00,70.00,1279.00
158.00,Joel Embiid,6100266.00,23.00,63.00,1912.00,0.48,0.31,0.53,0.51,0.77,690.00,199.00,40.00,111.00,1445.00
159.00,Ish Smith,6000000.00,29.00,82.00,2043.00,0.49,0.35,0.51,0.51,0.70,224.00,360.00,64.00,20.00,894.00
160.00,Shelvin Mack,6000000.00,27.00,69.00,1365.00,0.43,0.35,0.47,0.49,0.71,166.00,272.00,54.00,8.00,473.00
161.00,Milos Teodosic,6000000.00,30.00,45.00,1134.00,0.42,0.38,0.49,0.54,0.85,126.00,209.00,23.00,5.00,429.00
162.00,Ersan Ilyasova,6000000.00,30.00,46.00,1152.67,0.45,0.36,0.51,0.52,0.77,270.00,60.00,40.67,17.33,500.00
163.00,Ersan Ilyasova,502328.00,30.00,46.00,1152.67,0.45,0.36,0.51,0.52,0.77,270.00,60.00,40.67,17.33,500.00
164.00,Dewayne Dedmon,6000000.00,28.00,62.00,1542.00,0.52,0.36,0.60,0.58,0.78,489.00,90.00,40.00,51.00,617.00
165.00,Tyler Johnson,5881260.00,25.00,72.00,2052.00,0.44,0.37,0.49,0.52,0.82,248.00,165.00,60.00,34.00,843.00
166.00,Wesley Johnson,5881260.00,30.00,74.00,1486.00,0.41,0.34,0.47,0.49,0.74,216.00,61.00,76.00,62.00,403.00
167.00,Alex Abrines,5725000.00,24.00,75.00,1134.00,0.40,0.38,0.44,0.54,0.85,114.00,28.00,38.00,8.00,353.00
168.00,Jayson Tatum,5645400.00,19.00,80.00,2438.00,0.48,0.43,0.49,0.54,0.83,402.00,128.00,83.00,58.00,1112.00
169.00,D'Angelo Russell,5562360.00,21.00,48.00,1234.00,0.41,0.32,0.48,0.48,0.74,189.00,249.00,36.00,17.00,743.00
170.00,Brandon Ingram,5519400.00,20.00,59.00,1975.00,0.47,0.39,0.48,0.50,0.68,314.00,230.00,45.00,43.00,949.00
171.00,Patrick Beverley,5513514.00,29.00,11.00,334.00,0.40,0.40,0.41,0.50,0.82,45.00,32.00,19.00,5.00,134.00
172.00,Aaron Gordon,5504420.00,22.00,58.00,1909.00,0.43,0.34,0.50,0.50,0.70,457.00,136.00,59.00,45.00,1022.00
173.00,Thabo Sefolosha,5250000.00,33.00,38.00,806.00,0.49,0.38,0.55,0.56,0.82,161.00,33.00,52.00,12.00,312.00
174.00,Jason Smith,5225000.00,31.00,33.00,285.00,0.39,0.13,0.49,0.41,0.91,53.00,14.00,3.00,13.00,113.00
175.00,Ben McLemore,5200000.00,24.00,56.00,1091.00,0.42,0.35,0.48,0.50,0.83,139.00,51.00,38.00,15.00,422.00
176.00,Patrick Patterson,5192000.00,28.00,82.00,1270.00,0.40,0.39,0.42,0.52,0.87,193.00,57.00,48.00,23.00,318.00
177.00,Nick Young,5192000.00,32.00,80.00,1393.00,0.41,0.38,0.48,0.54,0.86,125.00,36.00,38.00,7.00,581.00
178.00,Josh Jackson,5090040.00,20.00,77.00,1959.00,0.42,0.26,0.46,0.45,0.63,351.00,119.00,80.00,35.00,1012.00
179.00,Marcus Morris,5000000.00,28.00,54.00,1447.00,0.43,0.37,0.47,0.50,0.81,289.00,72.00,35.00,12.00,734.00
180.00,Dirk Nowitzki,5000000.00,39.00,77.00,1900.00,0.46,0.41,0.49,0.55,0.90,438.00,120.00,43.00,45.00,927.00
181.00,Mike Muscala,5000000.00,26.00,53.00,1060.00,0.46,0.37,0.56,0.56,0.92,230.00,51.00,31.00,27.00,405.00
182.00,Jahlil Okafor,4995120.00,22.00,27.00,340.50,0.56,0.25,0.57,0.57,0.74,80.50,11.50,3.00,17.00,171.00
183.00,Dante Exum,4992385.00,22.00,14.00,235.00,0.48,0.28,0.54,0.51,0.81,26.00,43.00,8.00,3.00,114.00
184.00,Jaylen Brown,4956480.00,21.00,70.00,2152.00,0.47,0.40,0.51,0.54,0.64,346.00,114.00,70.00,26.00,1017.00
185.00,Jameer Nelson,4736050.00,35.00,33.33,675.33,0.36,0.26,0.44,0.43,0.86,69.33,119.33,18.00,2.67,164.67
186.00,Jameer Nelson,2262871.00,35.00,33.33,675.33,0.36,0.26,0.44,0.43,0.86,69.33,119.33,18.00,2.67,164.67
187.00,Kyle Singler,4666500.00,29.00,12.00,59.00,0.33,0.40,0.31,0.38,0.54,10.00,2.00,1.00,0.00,23.00
188.00,Justin Holiday,4615385.00,28.00,72.00,2265.00,0.37,0.36,0.39,0.47,0.82,291.00,153.00,80.00,31.00,876.00
189.00,De'Aaron Fox,4609200.00,20.00,73.00,2026.00,0.41,0.31,0.44,0.44,0.72,204.00,320.00,70.00,20.00,844.00
190.00,Marcus Smart,4538020.00,23.00,54.00,1614.00,0.37,0.30,0.43,0.44,0.73,189.00,259.00,71.00,23.00,550.00
191.00,Kristaps Porzingis,4503600.00,22.00,48.00,1553.00,0.44,0.40,0.45,0.49,0.79,316.00,57.00,36.00,115.00,1088.00
192.00,Dragan Bender,4468800.00,20.00,82.00,2069.00,0.39,0.37,0.43,0.51,0.77,361.00,130.00,22.00,53.00,531.00
193.00,Devin Harris,4402546.00,34.00,47.33,893.33,0.41,0.35,0.48,0.50,0.84,84.67,101.33,31.33,8.00,396.67
194.00,Ron Baker,4328000.00,24.00,29.00,385.00,0.34,0.33,0.35,0.43,0.77,30.00,47.00,26.00,6.00,71.00
195.00,Aron Baynes,4328000.00,31.00,81.00,1485.00,0.47,0.14,0.49,0.47,0.76,434.00,93.00,22.00,51.00,482.00
196.00,Alex Len,4187599.00,24.00,69.00,1395.00,0.57,0.33,0.57,0.57,0.68,518.00,82.00,27.00,61.00,587.00
197.00,Nerlens Noel,4187599.00,23.00,30.00,472.00,0.52,0.00,0.53,0.52,0.75,168.00,20.00,31.00,22.00,131.00
198.00,Jonathan Isaac,4186320.00,20.00,27.00,536.00,0.38,0.35,0.39,0.43,0.76,99.00,18.00,33.00,30.00,145.00
199.00,Lance Stephenson,4180000.00,27.00,82.00,1850.00,0.43,0.29,0.50,0.48,0.66,424.00,235.00,46.00,17.00,757.00
200.00,Julius Randle,4149242.00,23.00,82.00,2190.00,0.56,0.22,0.58,0.56,0.72,654.00,210.00,43.00,45.00,1323.00
201.00,Kyle O'Quinn,4087500.00,27.00,77.00,1387.00,0.58,0.24,0.60,0.59,0.77,470.00,158.00,36.00,98.00,550.00
202.00,Mario Hezonja,4078320.00,22.00,75.00,1657.00,0.44,0.34,0.52,0.52,0.82,281.00,106.00,81.00,31.00,722.00
203.00,Kris Dunn,4046760.00,23.00,52.00,1525.00,0.43,0.32,0.46,0.46,0.74,221.00,310.00,104.00,27.00,699.00
204.00,Jonas Jerebko,4000000.00,30.00,74.00,1134.00,0.47,0.41,0.51,0.56,0.81,246.00,42.00,24.00,12.00,429.00
205.00,Nemanja Bjelica,3949999.00,29.00,67.00,1371.00,0.46,0.42,0.51,0.56,0.80,274.00,86.00,50.00,16.00,454.00
206.00,J.J. Barea,3903900.00,33.00,69.00,1603.00,0.44,0.37,0.50,0.52,0.78,201.00,434.00,35.00,3.00,801.00
207.00,Quincy Pondexter,3853931.00,29.00,23.00,196.00,0.29,0.14,0.41,0.32,0.82,27.00,9.00,8.00,2.00,45.00
208.00,Lauri Markkanen,3821640.00,20.00,68.00,2020.00,0.43,0.36,0.50,0.52,0.84,508.00,79.00,39.00,40.00,1033.00
209.00,Nik Stauskas,3807146.00,24.00,27.33,348.67,0.34,0.27,0.36,0.43,0.81,42.67,26.00,6.00,2.67,120.67
210.00,Willie Cauley-Stein,3704160.00,24.00,73.00,2044.00,0.50,0.25,0.51,0.50,0.62,510.00,172.00,77.00,67.00,932.00
211.00,Buddy Hield,3675480.00,24.00,80.00,2024.00,0.45,0.43,0.46,0.54,0.88,307.00,155.00,85.00,22.00,1079.00
212.00,Will Barton,3533333.00,27.00,81.00,2683.00,0.45,0.37,0.51,0.53,0.81,409.00,331.00,82.00,52.00,1268.00
213.00,Noah Vonleh,3505233.00,22.00,36.00,583.33,0.45,0.31,0.50,0.49,0.61,207.33,22.67,12.67,11.33,176.00
214.00,Frank Ntilikina,3501120.00,19.00,78.00,1706.00,0.36,0.32,0.39,0.41,0.72,177.00,250.00,65.00,18.00,463.00
215.00,Nene Hilario,3477600.00,35.00,52.00,758.00,0.57,0.00,0.57,0.57,0.64,176.00,45.00,28.00,14.00,340.00
216.00,Zaza Pachulia,3477600.00,33.00,69.00,972.00,0.56,0.00,0.57,0.56,0.81,321.00,109.00,38.00,17.00,373.00
217.00,Troy Daniels,3408520.00,26.00,79.00,1622.00,0.40,0.40,0.42,0.56,0.88,127.00,48.00,26.00,5.00,703.00
218.00,Emmanuel Mudiay,3381480.00,21.00,42.67,830.00,0.39,0.30,0.42,0.43,0.75,101.33,137.33,27.33,7.33,368.67
219.00,Jamal Murray,3355320.00,20.00,81.00,2565.00,0.45,0.38,0.50,0.53,0.91,297.00,274.00,79.00,28.00,1352.00
220.00,Elfrid Payton,3332340.00,23.00,42.00,1205.33,0.48,0.30,0.51,0.50,0.66,182.67,262.00,55.33,14.67,531.33
221.00,Rajon Rondo,3300000.00,31.00,65.00,1705.00,0.47,0.33,0.53,0.52,0.54,263.00,533.00,70.00,10.00,537.00
222.00,Rajon Rondo,3000000.00,31.00,65.00,1705.00,0.47,0.33,0.53,0.52,0.54,263.00,533.00,70.00,10.00,537.00
223.00,Doug McDermott,3294994.00,26.00,54.00,1178.67,0.47,0.44,0.49,0.56,0.80,133.33,52.67,12.67,10.67,420.00
224.00,Jodie Meeks,3290000.00,30.00,77.00,1119.00,0.40,0.34,0.46,0.49,0.86,126.00,70.00,29.00,4.00,487.00
225.00,Tyreke Evans,3290000.00,28.00,52.00,1607.00,0.45,0.40,0.48,0.52,0.79,265.00,269.00,57.00,17.00,1010.00
226.00,Tarik Black,3290000.00,26.00,51.00,536.00,0.59,0.09,0.64,0.59,0.46,163.00,13.00,21.00,30.00,180.00
227.00,Anthony Tolliver,3290000.00,32.00,79.00,1757.00,0.46,0.44,0.56,0.63,0.80,241.00,90.00,32.00,21.00,703.00
228.00,Anthony Tolliver,2000000.00,32.00,79.00,1757.00,0.46,0.44,0.56,0.63,0.80,241.00,90.00,32.00,21.00,703.00
229.00,Dennis Smith,3218280.00,20.00,69.00,2049.00,0.40,0.31,0.44,0.45,0.69,260.00,358.00,71.00,18.00,1048.00
230.00,Zach LaVine,3202217.00,22.00,24.00,656.00,0.38,0.34,0.41,0.44,0.81,94.00,72.00,24.00,4.00,401.00
231.00,Ekpe Udoh,3200000.00,30.00,63.00,810.00,0.50,0.00,0.50,0.50,0.75,150.00,53.00,43.00,74.00,162.00
232.00,T.J. Warren,3152931.00,24.00,65.00,2142.00,0.50,0.22,0.52,0.51,0.76,333.00,85.00,65.00,41.00,1271.00
233.00,Stanley Johnson,3097800.00,21.00,69.00,1894.00,0.38,0.29,0.44,0.44,0.77,252.00,112.00,95.00,14.00,599.00
234.00,Marquese Chriss,3073800.00,20.00,72.00,1527.00,0.42,0.30,0.51,0.48,0.61,395.00,83.00,51.00,70.00,556.00
235.00,Zach Collins,3057240.00,20.00,66.00,1045.00,0.40,0.31,0.46,0.46,0.64,221.00,52.00,17.00,31.00,292.00
236.00,James Ennis,3028410.00,27.00,48.00,1069.33,0.47,0.33,0.57,0.54,0.83,149.33,47.33,31.33,12.00,341.33
237.00,Tomas Satoransky,3000000.00,26.00,73.00,1643.00,0.52,0.47,0.54,0.59,0.78,233.00,286.00,52.00,15.00,524.00
238.00,Lucas Nogueira,2947305.00,25.00,49.00,418.00,0.61,0.26,0.72,0.64,0.68,87.00,22.00,23.00,43.00,122.00
239.00,Jusuf Nurkic,2947305.00,23.00,79.00,2088.00,0.51,0.00,0.51,0.51,0.63,708.00,143.00,64.00,111.00,1132.00
240.00,Malik Monk,2904480.00,19.00,63.00,854.00,0.36,0.34,0.39,0.46,0.84,66.00,91.00,20.00,9.00,421.00
241.00,Frank Kaminsky,2847600.00,24.00,79.00,1835.00,0.43,0.38,0.46,0.50,0.80,288.00,129.00,36.00,19.00,873.00
242.00,Jakob Poeltl,2825640.00,22.00,82.00,1524.00,0.66,0.50,0.66,0.66,0.59,393.00,57.00,39.00,100.00,567.00
243.00,Luke Kennard,2759280.00,21.00,73.00,1463.00,0.44,0.42,0.46,0.53,0.86,176.00,124.00,44.00,13.00,558.00
244.00,Justise Winslow,2705040.00,21.00,68.00,1680.00,0.42,0.38,0.44,0.47,0.64,370.00,148.00,54.00,33.00,529.00
245.00,Michael Carter-Williams,2700000.00,26.00,52.00,835.00,0.33,0.24,0.37,0.36,0.82,138.00,116.00,44.00,23.00,239.00
246.00,Thon Maker,2684160.00,20.00,74.00,1238.00,0.41,0.30,0.47,0.46,0.70,225.00,46.00,38.00,53.00,356.00
247.00,Cedi Osman,2642857.00,22.00,61.00,672.00,0.48,0.37,0.59,0.57,0.57,120.00,41.00,22.00,3.00,238.00
248.00,Donovan Mitchell,2621280.00,21.00,79.00,2638.00,0.44,0.34,0.50,0.51,0.81,296.00,291.00,118.00,27.00,1616.00
249.00,Myles Turner,2569920.00,21.00,65.00,1836.00,0.48,0.36,0.52,0.52,0.78,417.00,87.00,38.00,118.00,828.00
250.00,Gary Harris,2550055.00,23.00,67.00,2304.00,0.49,0.40,0.55,0.57,0.83,176.00,194.00,122.00,15.00,1170.00
251.00,Domantas Sabonis,2550000.00,21.00,74.00,1810.00,0.51,0.35,0.52,0.52,0.75,572.00,151.00,40.00,32.00,861.00
252.00,Manu Ginobili,2500000.00,40.00,65.00,1299.00,0.43,0.33,0.51,0.50,0.84,142.00,163.00,43.00,16.00,576.00
253.00,Reggie Bullock,2500000.00,26.00,62.00,1732.00,0.49,0.45,0.54,0.60,0.80,154.00,95.00,47.00,13.00,698.00
254.00,Richard Jefferson,2500000.00,37.00,20.00,163.00,0.44,0.29,0.50,0.48,0.57,17.00,15.00,2.00,1.00,30.00
255.00,Richard Jefferson,2328652.00,37.00,20.00,163.00,0.44,0.29,0.50,0.48,0.57,17.00,15.00,2.00,1.00,30.00
256.00,Malcolm Delaney,2500000.00,28.00,54.00,1014.00,0.38,0.37,0.39,0.46,0.80,100.00,163.00,35.00,6.00,338.00
257.00,Bam Adebayo,2490360.00,20.00,69.00,1368.00,0.51,0.00,0.52,0.51,0.72,381.00,101.00,32.00,41.00,477.00
258.00,Bruno Caboclo,2451225.00,22.00,11.00,103.50,0.30,0.19,0.43,0.35,0.83,21.50,3.50,2.50,4.00,26.00
259.00,Trey Lyles,2441400.00,22.00,73.00,1391.00,0.49,0.38,0.56,0.57,0.71,347.00,91.00,30.00,34.00,724.00
260.00,Dario Saric,2422560.00,23.00,78.00,2310.00,0.45,0.39,0.50,0.54,0.86,520.00,202.00,51.00,20.00,1141.00
261.00,Taurean Waller-Prince,2422560.00,23.00,82.00,2464.00,0.43,0.39,0.46,0.52,0.84,389.00,214.00,85.00,42.00,1158.00
262.00,Rodney Hood,2386864.00,25.00,40.00,1077.33,0.43,0.37,0.47,0.51,0.85,110.00,63.33,30.00,8.00,588.00
263.00,Justin Jackson,2365560.00,22.00,68.00,1506.00,0.44,0.31,0.55,0.51,0.72,187.00,74.00,28.00,13.00,453.00
264.00,Shabazz Napier,2361360.00,26.00,74.00,1535.00,0.42,0.38,0.45,0.50,0.84,170.00,150.00,81.00,14.00,644.00
265.00,Clint Capela,2334520.00,23.00,74.00,2034.00,0.65,0.00,0.65,0.65,0.56,802.00,68.00,58.00,137.00,1026.00
266.00,Arron Afflalo,2328652.00,32.00,53.00,682.00,0.40,0.39,0.41,0.49,0.85,66.00,30.00,4.00,9.00,179.00
267.00,Arron Afflalo,1500000.00,32.00,53.00,682.00,0.40,0.39,0.41,0.49,0.85,66.00,30.00,4.00,9.00,179.00
268.00,Raymond Felton,2328652.00,33.00,82.00,1365.00,0.41,0.35,0.44,0.48,0.82,156.00,203.00,49.00,16.00,565.00
269.00,Ramon Sessions,2328652.00,31.00,18.67,261.33,0.36,0.30,0.37,0.39,0.78,25.33,51.33,9.33,1.33,90.67
270.00,Ramon Sessions,263124.00,31.00,18.67,261.33,0.36,0.30,0.37,0.39,0.78,25.33,51.33,9.33,1.33,90.67
271.00,Jarrett Jack,2328652.00,34.00,62.00,1548.00,0.43,0.29,0.46,0.46,0.84,191.00,348.00,35.00,4.00,466.00
272.00,Jason Terry,2328652.00,40.00,51.00,814.00,0.38,0.35,0.49,0.51,0.89,48.00,59.00,42.00,13.00,166.00
273.00,Udonis Haslem,2328652.00,37.00,14.00,72.00,0.20,0.13,0.29,0.23,0.50,10.00,5.00,0.00,2.00,8.00
274.00,David West,2328652.00,37.00,73.00,999.00,0.57,0.38,0.58,0.58,0.76,238.00,138.00,47.00,75.00,495.00
275.00,Jose Calderon,2328652.00,36.00,57.00,914.00,0.50,0.46,0.55,0.62,0.80,84.00,117.00,27.00,2.00,255.00
276.00,Devin Booker,2319360.00,21.00,54.00,1865.00,0.43,0.38,0.46,0.50,0.88,244.00,253.00,47.00,14.00,1346.00
277.00,Dante Cunningham,2300000.00,30.00,48.67,1041.33,0.45,0.35,0.54,0.53,0.61,198.67,32.00,26.00,20.00,278.00
278.00,Guerschon Yabusele,2247480.00,22.00,33.00,235.00,0.43,0.32,0.58,0.53,0.68,52.00,16.00,4.00,5.00,79.00
279.00,Cameron Payne,2203440.00,23.00,25.00,582.00,0.41,0.39,0.42,0.49,0.75,69.00,113.00,26.00,9.00,221.00
280.00,Denzel Valentine,2186400.00,24.00,77.00,2095.00,0.42,0.39,0.45,0.52,0.75,393.00,244.00,65.00,11.00,783.00
281.00,Kyle Anderson,2151704.00,24.00,74.00,1978.00,0.53,0.33,0.56,0.55,0.71,396.00,202.00,115.00,60.00,585.00
282.00,D.J. Wilson,2135040.00,21.00,22.00,71.00,0.56,0.40,0.64,0.63,0.50,10.00,3.00,3.00,1.00,21.00
283.00,Derrick Rose,2116955.00,29.00,16.67,280.00,0.43,0.22,0.47,0.45,0.91,23.33,24.67,4.67,2.67,139.33
284.00,Marreese Speights,2116955.00,30.00,52.00,675.00,0.40,0.37,0.45,0.52,0.73,133.00,40.00,8.00,22.00,402.00
285.00,Michael Beasley,2116955.00,29.00,74.00,1653.00,0.51,0.40,0.52,0.53,0.78,414.00,123.00,36.00,43.00,976.00
286.00,Aaron Brooks,2116955.00,33.00,32.00,189.00,0.41,0.36,0.45,0.49,0.73,17.00,20.00,6.00,0.00,75.00
287.00,Luc Mbah a Moute,2116955.00,31.00,61.00,1564.00,0.48,0.36,0.60,0.57,0.68,186.00,55.00,72.00,25.00,460.00
288.00,JaVale McGee,2116955.00,30.00,65.00,615.00,0.62,0.00,0.64,0.62,0.73,169.00,33.00,21.00,57.00,310.00
289.00,Jeff Green,2116955.00,31.00,78.00,1828.00,0.48,0.31,0.54,0.52,0.87,246.00,99.00,41.00,34.00,846.00
290.00,Tony Allen,2116955.00,36.00,22.00,273.00,0.48,0.33,0.51,0.51,0.52,47.00,9.00,11.00,3.00,103.00
291.00,Damien Wilkins,2116955.00,38.00,19.00,152.00,0.33,0.22,0.43,0.39,0.75,16.00,9.00,2.00,1.00,33.00
292.00,Omri Casspi,2106470.00,29.00,53.00,740.00,0.58,0.46,0.60,0.60,0.73,200.00,51.00,18.00,19.00,300.00
293.00,Mario Chalmers,2106407.00,31.00,66.00,1421.00,0.38,0.28,0.46,0.44,0.86,157.00,197.00,79.00,14.00,507.00
294.00,Darius Miller,2100000.00,27.00,82.00,1944.00,0.44,0.41,0.54,0.59,0.87,164.00,111.00,28.00,17.00,637.00
295.00,Kelly Oubre,2093040.00,22.00,81.00,2231.00,0.40,0.34,0.46,0.48,0.82,363.00,98.00,80.00,35.00,953.00
296.00,Juan Hernangomez,2076840.00,22.00,25.00,277.00,0.39,0.28,0.60,0.48,0.83,54.00,12.00,6.00,3.00,82.00
297.00,T.J. Leaf,2028360.00,20.00,53.00,459.00,0.47,0.43,0.49,0.54,0.63,82.00,9.00,5.00,4.00,156.00
298.00,Tim Frazier,2000000.00,27.00,59.00,838.00,0.40,0.30,0.44,0.45,0.77,115.00,194.00,47.00,7.00,176.00
299.00,Terry Rozier,1988520.00,23.00,80.00,2068.00,0.40,0.38,0.41,0.49,0.77,376.00,232.00,80.00,19.00,900.00
300.00,Luke Babbitt,1974159.00,28.00,43.50,642.50,0.45,0.41,0.53,0.59,0.77,88.50,28.50,7.50,6.00,242.50
301.00,John Collins,1936920.00,20.00,74.00,1785.00,0.58,0.34,0.60,0.59,0.72,541.00,98.00,47.00,80.00,777.00
302.00,Rashad Vaughn,1889040.00,21.00,25.00,192.50,0.42,0.37,0.50,0.54,0.67,19.00,12.50,4.50,3.00,61.50
303.00,Rashad Vaughn,166258.00,21.00,25.00,192.50,0.42,0.37,0.50,0.54,0.67,19.00,12.50,4.50,3.00,61.50
304.00,Wade Baldwin,1874400.00,21.00,7.00,80.00,0.67,0.80,0.63,0.76,0.60,8.00,5.00,2.00,1.00,38.00
305.00,Wade Baldwin,222476.00,21.00,7.00,80.00,0.67,0.80,0.63,0.76,0.60,8.00,5.00,2.00,1.00,38.00
306.00,Sam Dekker,1794600.00,23.00,73.00,883.00,0.49,0.17,0.59,0.51,0.66,174.00,38.00,24.00,9.00,303.00
307.00,Terrance Ferguson,1785000.00,19.00,61.00,763.00,0.41,0.33,0.61,0.53,0.90,47.00,19.00,24.00,10.00,189.00
308.00,Henry Ellenson,1780800.00,21.00,38.00,329.00,0.36,0.33,0.38,0.43,0.86,81.00,20.00,5.00,0.00,151.00
309.00,Jerian Grant,1713840.00,25.00,74.00,1686.00,0.42,0.33,0.47,0.48,0.75,172.00,342.00,63.00,8.00,619.00
310.00,Jarrett Allen,1713720.00,19.00,72.00,1441.00,0.59,0.33,0.60,0.60,0.78,388.00,49.00,28.00,88.00,587.00
311.00,Mike Scott,1709538.00,29.00,76.00,1406.00,0.53,0.41,0.58,0.59,0.66,247.00,80.00,23.00,10.00,668.00
312.00,Tyler Zeller,1709538.00,28.00,44.00,739.33,0.57,0.25,0.58,0.58,0.76,203.33,31.33,10.00,23.33,294.00
313.00,Quincy Acy,1709538.00,27.00,70.00,1359.00,0.36,0.35,0.38,0.50,0.82,257.00,57.00,33.00,29.00,411.00
314.00,Malik Beasley,1700640.00,21.00,62.00,583.00,0.41,0.34,0.47,0.49,0.67,71.00,31.00,15.00,7.00,196.00
315.00,Delon Wright,1645200.00,25.00,69.00,1433.00,0.47,0.37,0.52,0.53,0.83,198.00,200.00,72.00,33.00,555.00
316.00,OG Anunoby,1645200.00,20.00,74.00,1481.00,0.47,0.37,0.60,0.58,0.63,184.00,55.00,52.00,14.00,438.00
317.00,Caris LeVert,1632480.00,23.00,71.00,1864.00,0.44,0.35,0.48,0.49,0.71,260.00,299.00,82.00,22.00,858.00
318.00,Justin Anderson,1579440.00,24.00,38.00,519.00,0.43,0.33,0.54,0.52,0.74,93.00,25.00,15.00,7.00,236.00
319.00,Jeff Withey,1577320.00,27.00,9.00,39.00,0.38,0.20,0.67,0.44,0.50,10.00,0.00,0.00,3.00,15.00
320.00,Ian Clark,1577230.00,26.00,74.00,1455.00,0.45,0.32,0.53,0.51,0.76,127.00,110.00,33.00,10.00,551.00
321.00,Shabazz Muhammad,1577230.00,25.00,28.67,278.67,0.46,0.28,0.49,0.48,0.80,50.67,9.33,6.00,2.00,142.67
322.00,Willie Reed,1577230.00,27.00,40.50,423.50,0.67,0.50,0.67,0.67,0.58,120.50,9.50,9.00,22.00,194.00
323.00,DeAndre Liggins,1577230.00,29.00,44.50,602.00,0.36,0.33,0.39,0.45,0.40,62.00,37.50,32.00,12.00,79.00
324.00,DeAndre Liggins,172238.00,29.00,44.50,602.00,0.36,0.33,0.39,0.45,0.40,62.00,37.50,32.00,12.00,79.00
325.00,DeAndre Liggins,26773.00,29.00,44.50,602.00,0.36,0.33,0.39,0.45,0.40,62.00,37.50,32.00,12.00,79.00
326.00,DeAndre' Bembry,1567200.00,23.00,26.00,455.00,0.41,0.37,0.43,0.46,0.58,72.00,49.00,21.00,12.00,136.00
327.00,Joffrey Lauvergne,1524305.00,26.00,55.00,534.00,0.52,0.00,0.53,0.52,0.64,171.00,41.00,9.00,3.00,226.00
328.00,Jerami Grant,1524305.00,23.00,81.00,1647.00,0.54,0.29,0.61,0.57,0.68,319.00,57.00,31.00,77.00,682.00
329.00,Johnny O'Bryant,1524305.00,24.00,36.00,379.00,0.40,0.33,0.42,0.44,0.84,93.00,14.00,9.00,6.00,171.00
330.00,Tyler Ennis,1524305.00,23.00,54.00,683.00,0.42,0.25,0.48,0.45,0.76,95.00,105.00,30.00,10.00,224.00
331.00,Sean Kilpatrick,1524305.00,28.00,20.80,256.00,0.37,0.34,0.42,0.45,0.92,34.80,18.40,5.20,2.00,132.00
332.00,Sean Kilpatrick,789725.00,28.00,20.80,256.00,0.37,0.34,0.42,0.45,0.92,34.80,18.40,5.20,2.00,132.00
333.00,Sean Kilpatrick,172238.00,28.00,20.80,256.00,0.37,0.34,0.42,0.45,0.92,34.80,18.40,5.20,2.00,132.00
334.00,Joe Harris,1524305.00,26.00,78.00,1975.00,0.49,0.42,0.59,0.61,0.83,260.00,128.00,35.00,20.00,846.00
335.00,Spencer Dinwiddie,1524305.00,24.00,80.00,2306.00,0.39,0.33,0.45,0.47,0.81,259.00,524.00,68.00,23.00,1007.00
336.00,Shane Larkin,1524305.00,25.00,54.00,775.00,0.38,0.36,0.40,0.45,0.87,92.00,98.00,29.00,2.00,231.00
337.00,Glenn Robinson,1524305.00,24.00,23.00,338.00,0.42,0.41,0.43,0.51,0.82,37.00,17.00,13.00,1.00,95.00
338.00,Bobby Brown,1524305.00,33.00,20.00,115.00,0.33,0.28,0.44,0.42,0.50,7.00,11.00,4.00,0.00,50.00
339.00,Bobby Portis,1516320.00,22.00,73.00,1643.00,0.47,0.36,0.51,0.52,0.77,498.00,123.00,50.00,23.00,964.00
340.00,Malachi Richardson,1504560.00,22.00,25.50,321.50,0.33,0.30,0.35,0.40,0.77,33.50,13.00,10.00,1.00,88.00
341.00,Norman Powell,1471382.00,24.00,70.00,1062.00,0.40,0.29,0.52,0.47,0.82,119.00,89.00,37.00,16.00,385.00
342.00,Josh Richardson,1471382.00,24.00,81.00,2689.00,0.45,0.38,0.50,0.52,0.85,285.00,231.00,121.00,75.00,1045.00
343.00,Rondae Hollis-Jefferson,1471382.00,23.00,68.00,1920.00,0.47,0.24,0.49,0.48,0.79,459.00,167.00,65.00,48.00,946.00
344.00,Tyus Jones,1471382.00,21.00,82.00,1467.00,0.46,0.35,0.53,0.53,0.88,132.00,232.00,95.00,6.00,416.00
345.00,Jarell Martin,1471382.00,23.00,73.00,1661.00,0.45,0.35,0.47,0.48,0.77,318.00,73.00,39.00,49.00,565.00
346.00,Larry Nance,1471382.00,25.00,44.00,947.33,0.58,0.18,0.59,0.58,0.67,301.33,54.67,58.67,25.33,382.00
347.00,Troy Williams,1471382.00,23.00,14.00,204.67,0.39,0.21,0.54,0.43,0.57,42.00,10.67,13.33,2.67,88.67
348.00,Troy Williams,148318.00,23.00,14.00,204.67,0.39,0.21,0.54,0.43,0.57,42.00,10.67,13.33,2.67,88.67
349.00,Chris McCullough,1471382.00,22.00,19.00,90.00,0.43,0.13,0.50,0.44,0.64,25.00,4.00,0.00,5.00,46.00
350.00,Raul Neto,1471382.00,25.00,41.00,498.00,0.46,0.40,0.48,0.52,0.74,49.00,75.00,13.00,4.00,183.00
351.00,Pat Connaughton,1471382.00,25.00,82.00,1488.00,0.42,0.35,0.51,0.52,0.84,161.00,91.00,23.00,22.00,441.00
352.00,Richaun Holmes,1471382.00,24.00,48.00,746.00,0.56,0.13,0.62,0.57,0.66,211.00,61.00,20.00,29.00,311.00
353.00,T.J. McConnell,1471382.00,25.00,76.00,1706.00,0.50,0.44,0.51,0.53,0.80,226.00,303.00,92.00,13.00,478.00
354.00,Josh Huestis,1471382.00,26.00,69.00,982.00,0.33,0.29,0.40,0.42,0.30,161.00,20.00,15.00,43.00,159.00
355.00,Jordan Mickey,1471382.00,23.00,23.00,284.00,0.48,0.13,0.56,0.49,0.68,81.00,9.00,6.00,10.00,93.00
356.00,Montrezl Harrell,1471382.00,24.00,76.00,1293.00,0.64,0.14,0.64,0.64,0.63,306.00,74.00,36.00,52.00,836.00
357.00,Joe Young,1471382.00,25.00,53.00,558.00,0.43,0.38,0.46,0.50,0.76,63.00,39.00,14.00,1.00,207.00
358.00,Kevon Looney,1471382.00,21.00,66.00,910.00,0.58,0.20,0.59,0.58,0.55,215.00,42.00,34.00,56.00,267.00
359.00,Nikola Jokic,1471382.00,22.00,75.00,2443.00,0.50,0.40,0.54,0.55,0.85,803.00,458.00,90.00,61.00,1385.00
360.00,Salah Mejri,1471382.00,31.00,61.00,729.00,0.64,0.00,0.66,0.64,0.58,246.00,35.00,22.00,67.00,214.00
361.00,Caleb Swanigan,1465920.00,20.00,27.00,189.00,0.40,0.13,0.44,0.41,0.67,54.00,14.00,5.00,3.00,61.00
362.00,Furkan Korkmaz,1465920.00,20.00,14.00,80.00,0.29,0.29,0.27,0.38,0.50,11.00,4.00,2.00,1.00,23.00
363.00,Willy Hernangomez,1435750.00,23.00,32.00,330.00,0.56,0.40,0.57,0.57,0.61,122.00,22.00,12.00,10.67,164.00
364.00,Kyle Kuzma,1423560.00,22.00,77.00,2401.00,0.45,0.37,0.51,0.53,0.71,483.00,141.00,49.00,34.00,1242.00
365.00,Tony Bradley,1414920.00,20.00,9.00,29.00,0.27,0.00,0.30,0.27,1.00,11.00,1.00,0.00,0.00,8.00
366.00,Derrick White,1404600.00,23.00,17.00,139.00,0.49,0.62,0.40,0.61,0.70,26.00,9.00,4.00,3.00,54.00
367.00,Josh Hart,1394520.00,22.00,63.00,1461.00,0.47,0.40,0.55,0.57,0.70,263.00,80.00,47.00,16.00,496.00
368.00,Timothe Luwawu-Cabarrot,1386600.00,22.00,52.00,807.00,0.38,0.34,0.43,0.47,0.79,72.00,54.00,12.00,5.00,299.00
369.00,Brice Johnson,1331160.00,23.00,13.50,68.00,0.56,0.00,0.59,0.56,0.80,22.00,1.50,7.50,4.00,29.50
370.00,Pascal Siakam,1312611.00,23.00,81.00,1679.00,0.51,0.22,0.61,0.54,0.62,364.00,159.00,62.00,42.00,589.00
371.00,Dejounte Murray,1312611.00,21.00,81.00,1743.00,0.44,0.27,0.45,0.45,0.71,459.00,231.00,97.00,31.00,654.00
372.00,Skal Labissiere,1312611.00,21.00,60.00,1240.00,0.45,0.35,0.46,0.47,0.81,288.00,72.00,25.00,49.00,523.00
373.00,Wayne Selden,1312611.00,23.00,35.00,692.00,0.43,0.40,0.46,0.52,0.75,56.00,66.00,18.00,5.00,325.00
374.00,Joel Bolomboy,1312611.00,24.00,6.00,38.00,0.50,0.00,0.60,0.50,0.50,10.00,0.00,2.00,0.00,9.00
375.00,Joel Bolomboy,22248.00,24.00,6.00,38.00,0.50,0.00,0.60,0.50,0.50,10.00,0.00,2.00,0.00,9.00
376.00,Davis Bertans,1312611.00,25.00,77.00,1086.00,0.44,0.37,0.59,0.57,0.82,153.00,74.00,26.00,28.00,456.00
377.00,Bryn Forbes,1312611.00,24.00,80.00,1517.00,0.42,0.39,0.45,0.51,0.67,110.00,80.00,28.00,2.00,555.00
378.00,Jake Layman,1312611.00,23.00,35.00,160.00,0.30,0.20,0.37,0.34,0.67,16.00,11.00,6.00,4.00,34.00
379.00,Tyler Ulis,1312611.00,22.00,71.00,1658.00,0.39,0.29,0.43,0.43,0.83,128.00,311.00,70.00,7.00,554.00
380.00,Marcus Georges-Hunt,1312611.00,23.00,42.00,224.00,0.44,0.27,0.52,0.48,0.62,16.00,7.00,6.00,0.00,59.00
381.00,Malcolm Brogdon,1312611.00,25.00,48.00,1436.00,0.49,0.39,0.53,0.55,0.88,156.00,152.00,41.00,13.00,625.00
382.00,Rodney McGruder,1312611.00,26.00,18.00,299.00,0.49,0.43,0.55,0.60,0.50,32.00,17.00,8.00,3.00,91.00
383.00,Andrew Harrison,1312611.00,23.00,56.00,1326.00,0.42,0.33,0.47,0.48,0.78,131.00,177.00,38.00,26.00,533.00
384.00,Ivica Zubac,1312611.00,20.00,43.00,410.00,0.50,0.00,0.50,0.50,0.77,123.00,25.00,8.00,15.00,161.00
385.00,Patrick McCaw,1312611.00,22.00,57.00,961.00,0.41,0.24,0.50,0.45,0.77,82.00,81.00,43.00,10.00,229.00
386.00,Dorian Finney-Smith,1312611.00,24.00,21.00,448.00,0.38,0.30,0.48,0.46,0.73,75.00,26.00,10.00,4.00,123.00
387.00,Yogi Ferrell,1312611.00,24.00,82.00,2282.00,0.43,0.37,0.48,0.52,0.80,249.00,201.00,64.00,9.00,838.00
388.00,Treveon Graham,1312611.00,24.00,63.00,1050.00,0.43,0.41,0.45,0.53,0.70,121.00,59.00,33.00,2.00,273.00
389.00,David Nwaba,1312611.00,25.00,70.00,1646.00,0.48,0.35,0.50,0.50,0.66,326.00,104.00,59.00,29.00,555.00
390.00,Paul Zipser,1312611.00,23.00,54.00,824.00,0.35,0.34,0.36,0.43,0.76,131.00,46.00,20.00,15.00,218.00
391.00,Isaiah Whitehead,1312611.00,22.00,16.00,180.00,0.47,0.39,0.49,0.51,0.68,26.00,20.00,8.00,2.00,100.00
392.00,Okaro White,1312611.00,25.00,6.00,80.00,0.44,0.36,0.60,0.56,0.67,11.00,2.00,1.00,1.00,20.00
393.00,Isaiah Taylor,1312611.00,23.00,67.00,1167.00,0.42,0.25,0.46,0.44,0.70,94.00,206.00,34.00,10.00,445.00
394.00,Kay Felder,1312611.00,22.00,15.00,137.00,0.30,0.22,0.33,0.33,0.92,16.00,20.00,3.00,1.00,56.00
395.00,Fred VanVleet,1312611.00,23.00,76.00,1520.00,0.43,0.41,0.44,0.53,0.83,184.00,243.00,68.00,19.00,656.00
396.00,Derrick Jones,1312611.00,20.00,13.33,163.33,0.43,0.12,0.67,0.45,0.70,25.33,6.00,2.67,8.67,40.67
397.00,Semi Ojeleye,1291892.00,23.00,73.00,1150.00,0.35,0.32,0.40,0.45,0.61,161.00,20.00,21.00,4.00,195.00
398.00,Frank Mason,1184385.00,23.00,52.00,984.00,0.38,0.36,0.38,0.42,0.82,130.00,147.00,34.00,10.00,413.00
399.00,Abdel Nader,1167333.00,24.00,48.00,522.00,0.34,0.35,0.32,0.41,0.59,71.00,26.00,15.00,10.00,146.00
400.00,Damyean Dotson,1100000.00,23.00,44.00,474.00,0.45,0.32,0.54,0.52,0.70,84.00,31.00,12.00,2.00,182.00
401.00,Isaiah Canaan,1069308.00,26.00,19.50,420.00,0.38,0.33,0.43,0.46,0.90,44.50,76.00,16.00,1.00,172.00
402.00,Isaiah Canaan,200000.00,26.00,19.50,420.00,0.38,0.33,0.43,0.46,0.90,44.50,76.00,16.00,1.00,172.00
403.00,Isaiah Canaan,53465.00,26.00,19.50,420.00,0.38,0.33,0.43,0.46,0.90,44.50,76.00,16.00,1.00,172.00
404.00,Wesley Iwundu,1050000.00,23.00,62.00,1020.00,0.43,0.20,0.49,0.45,0.72,137.00,57.00,33.00,12.00,229.00
405.00,Gerald Green,947248.00,32.00,41.00,929.00,0.41,0.37,0.50,0.54,0.85,133.00,25.00,24.00,15.00,497.00
406.00,Jordan Bell,815615.00,23.00,57.00,809.00,0.63,0.00,0.64,0.63,0.68,207.00,102.00,35.00,56.00,262.00
407.00,Sterling Brown,815615.00,22.00,54.00,776.00,0.40,0.35,0.44,0.48,0.88,143.00,25.00,31.00,13.00,217.00
408.00,Dillon Brooks,815615.00,22.00,82.00,2350.00,0.44,0.36,0.48,0.50,0.75,257.00,135.00,73.00,17.00,898.00
409.00,Jawun Evans,815615.00,21.00,48.00,778.00,0.35,0.28,0.37,0.38,0.78,84.00,100.00,36.00,6.00,231.00
410.00,Sindarius Thornwell,815615.00,23.00,73.00,1156.00,0.43,0.38,0.45,0.48,0.67,140.00,68.00,48.00,25.00,282.00
411.00,Dwayne Bacon,815615.00,22.00,53.00,713.00,0.38,0.26,0.41,0.40,0.80,124.00,38.00,16.00,2.00,175.00
412.00,Tyler Dorsey,815615.00,21.00,56.00,974.00,0.38,0.36,0.39,0.47,0.71,130.00,79.00,17.00,5.00,405.00
413.00,Davon Reed,815615.00,22.00,21.00,242.00,0.29,0.29,0.29,0.36,0.67,39.00,13.00,10.00,2.00,63.00
414.00,Royce O'Neale,815615.00,24.00,69.00,1150.00,0.42,0.36,0.47,0.50,0.80,236.00,95.00,36.00,16.00,343.00
415.00,Alfonzo McKinnie,815615.00,25.00,14.00,53.00,0.53,0.33,0.83,0.63,0.67,7.00,1.00,1.00,1.00,21.00
416.00,Brandon Paul,815615.00,26.00,64.00,576.00,0.43,0.28,0.55,0.49,0.51,68.00,37.00,25.00,7.00,147.00
417.00,Thomas Bryant,815615.00,20.00,15.00,72.00,0.38,0.10,0.64,0.41,0.56,17.00,6.00,1.00,2.00,22.00
418.00,Zhou Qi,815615.00,22.00,18.00,124.00,0.19,0.11,0.31,0.22,0.67,22.00,2.00,2.00,14.00,22.00
419.00,Maxi Kleber,815615.00,26.00,72.00,1206.00,0.49,0.31,0.61,0.55,0.75,234.00,51.00,26.00,47.00,386.00
420.00,Daniel Theis,815615.00,25.00,63.00,936.00,0.54,0.31,0.62,0.58,0.75,274.00,56.00,30.00,48.00,331.00
421.00,Trey Burke,784160.00,25.00,36.00,785.00,0.50,0.36,0.56,0.55,0.65,71.00,170.00,24.00,4.00,461.00
422.00,Dwight Buycks,748160.00,28.00,29.00,427.00,0.41,0.33,0.44,0.45,0.88,41.00,59.00,19.00,2.00,215.00
423.00,Tyler Cavanaugh,679919.00,23.00,39.00,518.00,0.44,0.36,0.56,0.55,0.81,127.00,27.00,9.00,4.00,183.00
424.00,Tyler Cavanaugh,50000.00,23.00,39.00,518.00,0.44,0.36,0.56,0.55,0.81,127.00,27.00,9.00,4.00,183.00
425.00,Jordan Crawford,250000.00,29.00,5.00,53.00,0.44,0.57,0.31,0.59,1.00,4.00,13.00,1.00,1.00,33.00
426.00,Travis Wear,148318.00,27.00,17.00,228.00,0.35,0.36,0.32,0.47,1.00,38.00,7.00,4.00,5.00,75.00
427.00,Brandon Jennings,119010.00,28.00,14.00,205.00,0.38,0.27,0.46,0.44,1.00,31.00,44.00,6.00,4.00,73.00
428.00,Georges Niang,100000.00,24.00,9.00,32.00,0.36,0.00,0.57,0.36,0.50,9.00,3.00,2.00,0.00,9.00
429.00,Quinn Cook,100000.00,24.00,33.00,740.00,0.48,0.44,0.51,0.58,0.88,82.00,89.00,12.00,1.00,312.00
430.00,Quinn Cook,25000.00,24.00,33.00,740.00,0.48,0.44,0.51,0.58,0.88,82.00,89.00,12.00,1.00,312.00
431.00,Demetrius Jackson,92858.00,23.00,9.00,48.50,0.57,0.57,0.61,0.65,0.50,6.50,6.50,3.00,0.50,12.00
432.00,Demetrius Jackson,74159.00,23.00,9.00,48.50,0.57,0.57,0.61,0.65,0.50,6.50,6.50,3.00,0.50,12.00
433.00,Demetrius Jackson,50000.00,23.00,9.00,48.50,0.57,0.57,0.61,0.65,0.50,6.50,6.50,3.00,0.50,12.00
434.00,Kyle Collinsworth,92160.00,26.00,32.00,480.00,0.38,0.24,0.42,0.40,0.53,107.00,56.00,17.00,9.00,101.00
435.00,Kyle Collinsworth,50000.00,26.00,32.00,480.00,0.38,0.24,0.42,0.40,0.53,107.00,56.00,17.00,9.00,101.00
436.00,Josh Gray,92160.00,24.00,5.00,86.00,0.27,0.23,0.29,0.31,0.64,10.00,12.00,8.00,2.00,32.00
437.00,Shaquille Harrison,92160.00,24.00,23.00,384.00,0.48,0.23,0.54,0.50,0.74,61.00,55.00,26.00,7.00,152.00
438.00,Antonius Cleveland,92160.00,23.00,11.33,82.00,0.41,0.58,0.28,0.51,0.72,9.33,1.33,4.67,3.33,15.33
439.00,Antonius Cleveland,50000.00,23.00,11.33,82.00,0.41,0.58,0.28,0.51,0.72,9.33,1.33,4.67,3.33,15.33
440.00,Mike James,87552.00,27.00,34.00,678.00,0.39,0.27,0.44,0.43,0.76,89.50,123.00,27.50,7.00,334.00
441.00,Briante Weber,83129.00,25.00,12.00,158.00,0.44,0.27,0.46,0.49,0.82,23.33,14.67,12.00,3.33,33.33
442.00,Briante Weber,50000.00,25.00,12.00,158.00,0.44,0.27,0.46,0.49,0.82,23.33,14.67,12.00,3.33,33.33
443.00,Briante Weber,50000.00,25.00,12.00,158.00,0.44,0.27,0.46,0.49,0.82,23.33,14.67,12.00,3.33,33.33
444.00,Nigel Hayes,50000.00,23.00,5.33,79.33,0.32,0.14,0.60,0.35,0.44,14.67,4.00,1.33,2.00,16.00
445.00,Nigel Hayes,46080.00,23.00,5.33,79.33,0.32,0.14,0.60,0.35,0.44,14.67,4.00,1.33,2.00,16.00
446.00,Nigel Hayes,46080.00,23.00,5.33,79.33,0.32,0.14,0.60,0.35,0.44,14.67,4.00,1.33,2.00,16.00
447.00,Gary Payton,50000.00,25.00,15.33,147.33,0.40,0.24,0.49,0.44,0.39,29.33,14.00,4.67,2.00,46.00
448.00,Vander Blue,50000.00,25.00,5.00,45.00,0.20,0.00,0.33,0.20,0.50,1.00,3.00,1.00,0.00,3.00
449.00,Jamil Wilson,50000.00,27.00,15.00,274.00,0.47,0.43,0.61,0.64,0.50,32.00,10.00,5.00,8.00,105.00
450.00,Gian Clavell,50000.00,24.00,7.00,64.00,0.33,0.40,0.00,0.50,1.00,7.00,3.00,2.00,0.00,20.00
451.00,Rodney Purvis,46080.00,23.00,16.00,290.00,0.33,0.25,0.40,0.39,0.87,27.00,17.00,3.00,3.00,96.00
452.00,Xavier Rathan-Mayes,46080.00,23.00,5.00,118.00,0.29,0.07,0.39,0.30,0.44,5.00,18.00,6.00,3.00,29.00